id,fullName,email,gender,weight,city
1,Ezechiel Lindenman,elindenman0@livejournal.com,Male,68,Casisang
2,Banky Rattenbury,brattenbury1@microsoft.com,Male,56,Uglich
3,King Leibold,kleibold2@slashdot.org,Male,84,Yantak
4,Lorrayne Dufaur,ldufaur3@liveinternet.ru,Female,47,Bei’an
5,Thibaud Britten,tbritten4@sourceforge.net,Male,86,Americana
6,Marna Thunder,mthunder5@mapy.cz,Female,83,Colonia Elisa
7,Robinette Pennicott,rpennicott6@elegantthemes.com,Bigender,96,Ipoti
8,Ambrosius Lorkins,alorkins7@fc2.com,Male,40,Jajawai
9,Betty Shakelady,bshakelady8@howstuffworks.com,Agender,68,Santa Praxedes
10,Andres Wellard,awellard9@mapy.cz,Male,45,Telpaneca
11,Gale Sharland,gsharlanda@gnu.org,Female,96,Toyós
12,Kayne Archdeckne,karchdeckneb@marriott.com,Male,79,Shijie
13,Lauretta Bustard,lbustardc@nba.com,Female,65,Barbaza
14,Bucky Kilpatrick,bkilpatrickd@pen.io,Male,45,Beroroha
15,Mavis Gadson,mgadsone@de.vu,Female,83,Cogreg Wetan
16,Hynda Stoves,hstovesf@tuttocitta.it,Female,76,Letsheng
17,Sutton Oene,soeneg@mapy.cz,Male,45,Nikol’sk
18,Daniella Dyet,ddyeth@chron.com,Female,45,Belford Roxo
19,Innis Phebee,iphebeei@constantcontact.com,Male,78,Igir-igir
20,Lila Gonnely,lgonnelyj@delicious.com,Female,87,Weihai
21,Bald Dangl,bdanglk@nps.gov,Male,93,Lashio
22,Anabelle Sommerled,asommerledl@examiner.com,Polygender,71,Atlanta
23,Carolynn Whitby,cwhitbym@canalblog.com,Female,41,Daugai
24,Joycelin Micah,jmicahn@gmpg.org,Female,43,Šabac
25,Jeannette Benterman,jbentermano@jimdo.com,Female,71,Panao
26,Ibby McManamon,imcmanamonp@i2i.jp,Female,55,Dolores
27,Filberto Tolliday,ftollidayq@rambler.ru,Male,46,Dulian
28,Beau Wisden,bwisdenr@jimdo.com,Male,82,Kafr Dān
29,Perri Keningley,pkeningleys@quantcast.com,Female,70,Haiphong
30,Cedric De Clairmont,cdet@google.co.uk,Male,94,Ipoh
31,Hildagarde Kennerley,hkennerleyu@opensource.org,Female,85,Cuauhtemoc
32,Guido Caswall,gcaswallv@oakley.com,Male,60,Magdalena
33,Tiphany Hayter,thayterw@google.ru,Female,70,Pemex
34,Cookie Kingsbury,ckingsburyx@instagram.com,Female,69,Jiubao
35,Vlad Reisk,vreisky@oaic.gov.au,Male,76,Charlotte
36,Gerrilee Gilgryst,ggilgrystz@cbsnews.com,Female,79,Ilaya
37,Dee dee Grastye,ddee10@mediafire.com,Female,92,Kamiichi
38,Vicky Wathey,vwathey11@addtoany.com,Female,71,Montemor-o-Velho
39,Brennen Merwood,bmerwood12@nhs.uk,Male,58,Tukhlya
40,Papagena Dominichetti,pdominichetti13@elegantthemes.com,Female,60,Rublëvo
41,Brod Ayris,bayris14@etsy.com,Male,99,Shizukuishi
42,Tod Keig,tkeig15@yellowpages.com,Male,100,Anyang-si
43,Lindy Saggs,lsaggs16@rediff.com,Male,83,Orly aérogare
44,Quill Cricket,qcricket17@usatoday.com,Male,59,Pul-e Khumrī
45,Vito Colvin,vcolvin18@chron.com,Male,95,Jiusi
46,Felike Cosgrive,fcosgrive19@cocolog-nifty.com,Male,55,Dayan
47,Lydon Nelmes,lnelmes1a@scientificamerican.com,Male,92,Maştağa
48,Dolly Swigger,dswigger1b@csmonitor.com,Female,64,Benavila
49,Erv Itzhak,eitzhak1c@prnewswire.com,Male,67,Thị Trấn Sìn Hồ
50,Karney Vamplus,kvamplus1d@goo.ne.jp,Male,69,Vigo
51,Perry Cowap,pcowap1e@imgur.com,Polygender,84,Pittsburgh
52,Noach Pountain,npountain1f@paginegialle.it,Male,73,Ludishan
53,Arlena Anfossi,aanfossi1g@linkedin.com,Female,63,Sinacaban
54,Shelbi Studdeard,sstuddeard1h@vimeo.com,Female,67,Pécs
55,Whitby Egleton,wegleton1i@psu.edu,Male,81,Tanjung
56,Horst Glossop,hglossop1j@about.com,Male,50,Binangun
57,Phil Chaters,pchaters1k@pagesperso-orange.fr,Male,96,Kut Chap
58,Sharl Monni,smonni1l@dropbox.com,Female,46,Rio de Janeiro
59,Emelen Rembrant,erembrant1m@booking.com,Male,97,Ngasinan
60,Haily Sabathier,hsabathier1n@deliciousdays.com,Bigender,90,Dancheng
61,Lind Tremmil,ltremmil1o@goodreads.com,Female,84,Västerås
62,Minni Eyckel,meyckel1p@engadget.com,Female,48,Omaha
63,Davide Linford,dlinford1q@gmpg.org,Male,57,Barrhead
64,Odelle Jaycox,ojaycox1r@nba.com,Female,66,Bukuru
65,Estele Loggie,eloggie1s@jiathis.com,Female,64,Ganlin
66,Sanders Hastwall,shastwall1t@hc360.com,Male,99,Cerro Azul
67,Annabella Corp,acorp1u@irs.gov,Female,97,Honglong
68,Ax Yerlett,ayerlett1v@comcast.net,Male,62,Nanae
69,Cara Woodruffe,cwoodruffe1w@163.com,Genderfluid,73,Banjar Tengah
70,Felicity Le Fevre,fle1x@prweb.com,Bigender,62,Joroinen
71,Gasparo Richardsson,grichardsson1y@ameblo.jp,Male,95,General Lavalle
72,Giovanna Crowden,gcrowden1z@bluehost.com,Female,82,Dayeuhluhur
73,Penny Fontel,pfontel20@boston.com,Female,87,Poncokusumo
74,Edwina Dacke,edacke21@usa.gov,Female,66,Videira
75,Carney Royds,croyds22@domainmarket.com,Male,82,Mitzpe Ramon
76,Vladamir Hempel,vhempel23@t.co,Male,47,Kota Kinabalu
77,Ursa Wisam,uwisam24@reddit.com,Female,78,Lakateng
78,Ludwig Menhci,lmenhci25@usgs.gov,Male,41,Changyanbao
79,Clarke Shirrell,cshirrell26@php.net,Male,43,Dinghuo
80,Pet Rivel,privel27@php.net,Female,62,Los Fresnos
81,Ingra Dabling,idabling28@cdbaby.com,Male,98,Beutong Ateuh
82,Jeremiah Hupe,jhupe29@gizmodo.com,Male,70,Pompano Beach
83,Heda Battin,hbattin2a@epa.gov,Female,44,San Isidro
84,Reynolds Keddy,rkeddy2b@reuters.com,Male,75,Juiz de Fora
85,Zak McClean,zmcclean2c@xing.com,Male,46,Cijoho
86,Yule Glacken,yglacken2d@jigsy.com,Male,70,Estarreja
87,Oralla Fawson,ofawson2e@networksolutions.com,Female,94,Jugezhuang
88,Gerick Weiss,gweiss2f@pagesperso-orange.fr,Male,97,Wudong
89,Biron Clarycott,bclarycott2g@phpbb.com,Male,86,Rostov-na-Donu
90,Charline Gluyus,cgluyus2h@tuttocitta.it,Female,94,Pérez
91,Dominic Girling,dgirling2i@prnewswire.com,Bigender,72,Sydney
92,Ruthie Ryson,rryson2j@about.com,Female,62,Mionica
93,Clyde Sture,csture2k@rediff.com,Male,67,Pedome
94,Peder Scraggs,pscraggs2l@studiopress.com,Male,76,N'Djamena
95,Gabe Lillee,glillee2m@prnewswire.com,Male,40,Mizunami
96,Rasla Gulliford,rgulliford2n@umn.edu,Female,100,Daet
97,Urbain Windebank,uwindebank2o@vk.com,Polygender,91,Mabilang
98,Pepita Gooms,pgooms2p@hud.gov,Female,65,Sañgay
99,Richmond Wix,rwix2q@intel.com,Male,78,Bagalangit
100,Colin Grgic,cgrgic2r@shutterfly.com,Male,53,Kolochava
101,Levon Bletsor,lbletsor2s@imdb.com,Agender,77,Kongsvinger
102,Patin Mallabon,pmallabon2t@gmpg.org,Male,95,Jiulian
103,Sloan Perillo,sperillo2u@huffingtonpost.com,Male,50,Chenārān
104,Zabrina Leifer,zleifer2v@google.com.br,Non-binary,95,Aurora
105,Base Btham,bbtham2w@joomla.org,Male,52,Orlovskiy
106,Breanne Sondon,bsondon2x@time.com,Female,72,Sewon
107,Mike Caherny,mcaherny2y@gravatar.com,Male,60,Songgang-dong
108,Shandie Yukhnev,syukhnev2z@exblog.jp,Female,75,Villa Nueva
109,Tiffanie Meagh,tmeagh30@ask.com,Female,58,Staryy Cherek
110,Harris Da Costa,hda31@sogou.com,Male,42,Spokoynaya
111,Dev Birtwell,dbirtwell32@dot.gov,Male,84,Libacao
112,Brunhilde Huband,bhuband33@vistaprint.com,Female,80,Beishan
113,Buckie Caseley,bcaseley34@wix.com,Male,65,Heilongkou
114,Daren Larham,dlarham35@elpais.com,Male,48,Zaysan
115,Hyacinthia Coupland,hcoupland36@boston.com,Female,52,Diego de Almagro
116,Elinore Cansdale,ecansdale37@ucoz.com,Female,84,Sultan Kudarat
117,Ninnetta Kaplan,nkaplan38@i2i.jp,Female,59,Wanzu
118,Anabal Sawbridge,asawbridge39@cmu.edu,Female,55,Atlanta
119,Gracie Felipe,gfelipe3a@unc.edu,Female,84,Goczałkowice Zdrój
120,Bjorn Oakwell,boakwell3b@cocolog-nifty.com,Male,68,Clermont-Ferrand
121,Guglielma Dunderdale,gdunderdale3c@ca.gov,Female,82,Krasnyy Yar
122,Iago Attenborrow,iattenborrow3d@printfriendly.com,Male,43,Чегране
123,Whit Ashall,washall3e@yelp.com,Male,95,Beutong Ateuh
124,Burg Body,bbody3f@posterous.com,Male,86,Paris 18
125,Muire Aleveque,maleveque3g@ca.gov,Female,67,Dunhao
126,Karon Proschek,kproschek3h@wp.com,Female,85,Inuotose
127,Hilarius Anscombe,hanscombe3i@nyu.edu,Male,40,La Dorada
128,Marita Kibbel,mkibbel3j@360.cn,Female,60,Iksha
129,Goran Rafferty,grafferty3k@blinklist.com,Male,88,Kamionka
130,Man Father,mfather3l@google.com.br,Male,98,Ingenio La Esperanza
131,Emlynn Jamot,ejamot3m@europa.eu,Genderqueer,80,Imrīsh
132,Boycie Shorthill,bshorthill3n@netscape.com,Male,96,Lũng Hồ
133,Sybyl Scadding,sscadding3o@un.org,Bigender,53,Huyu
134,Domenic Frise,dfrise3p@cocolog-nifty.com,Male,75,Manhiça
135,Alberta Castrillo,acastrillo3q@myspace.com,Female,41,Ollantaytambo
136,Nady Foale,nfoale3r@aol.com,Female,45,Jindu
137,Kenna Follen,kfollen3s@diigo.com,Female,86,Lais
138,Jo Phair,jphair3t@de.vu,Male,53,Baizhang
139,Celestine Tripet,ctripet3u@bluehost.com,Female,89,Igbo-Ukwu
140,Clevie Parncutt,cparncutt3v@google.ca,Male,74,Wojaszówka
141,Blakelee Ellam,bellam3w@pen.io,Female,56,Kuching
142,Darice Ive,dive3x@tinypic.com,Female,97,Tīkāpur
143,Melonie Dimitresco,mdimitresco3y@yahoo.com,Female,48,Sanban
144,Gill Kiltie,gkiltie3z@google.com.br,Genderqueer,99,Lukovica pri Domžalah
145,Hermie Hattersley,hhattersley40@ow.ly,Male,65,Fosca
146,Stevana Debrett,sdebrett41@skype.com,Female,71,Beichan
147,Andy Tew,atew42@youku.com,Male,67,Śródmieście
148,Gypsy Faltin,gfaltin43@mediafire.com,Female,78,Anguil
149,Harcourt Laugherane,hlaugherane44@wired.com,Male,69,Oemofa
150,Freeland Steane,fsteane45@csmonitor.com,Male,99,Kill
151,Abigale Daws,adaws46@cyberchimps.com,Female,64,Karney Shomron
152,Derrik Lillicrop,dlillicrop47@illinois.edu,Male,85,Vilque
153,Maximo Brellin,mbrellin48@nifty.com,Male,55,Changfa
154,Bria Stapford,bstapford49@over-blog.com,Female,42,Mandal
155,Penelope Janowicz,pjanowicz4a@yale.edu,Female,84,Houston
156,Fred Bocock,fbocock4b@google.com.hk,Male,43,Nong Hin
157,Bennie Bratt,bbratt4c@qq.com,Female,62,Sempu
158,Harmony Abbay,habbay4d@stumbleupon.com,Female,92,Shitang
159,Tannie Eichmann,teichmann4e@scientificamerican.com,Male,66,Malahide
160,Ad Hillyatt,ahillyatt4f@skype.com,Agender,40,Ngluwuk
161,Gipsy Beetham,gbeetham4g@virginia.edu,Female,46,Bancroft
162,Lurlene Nail,lnail4h@over-blog.com,Female,40,Białaczów
163,Othilie Breeder,obreeder4i@walmart.com,Female,49,Huizhou
164,Lorenzo Mulvy,lmulvy4j@ucla.edu,Male,91,Kebonsari Kidul
165,Jimmy Wyer,jwyer4k@arizona.edu,Male,99,Wichian Buri
166,Jarid Cutforth,jcutforth4l@answers.com,Male,44,Kambingan
167,Merlina Hillitt,mhillitt4m@gizmodo.com,Genderqueer,86,Fornelos
168,Winnah Gillie,wgillie4n@go.com,Female,88,Kulun
169,Farrel Commings,fcommings4o@simplemachines.org,Male,51,Rantepang
170,Gage Starmore,gstarmore4p@dmoz.org,Male,59,Llano de Piedra
171,Jacky Greep,jgreep4q@auda.org.au,Male,40,Shahr-e Qods
172,Lanae Buxy,lbuxy4r@last.fm,Genderqueer,80,Herrera
173,Riobard Clayal,rclayal4s@canalblog.com,Male,70,Mölnlycke
174,Meridith Estoile,mestoile4t@alibaba.com,Female,62,Tanumshede
175,Carny Grover,cgrover4u@blog.com,Male,74,Guéret
176,Sigfrid Godfray,sgodfray4v@theglobeandmail.com,Male,84,Bafang
177,Zared Fernely,zfernely4w@elegantthemes.com,Male,80,Nanjing
178,Chlo Chaudret,cchaudret4x@ameblo.jp,Female,89,Khartsyz’k
179,Broderic Matschke,bmatschke4y@squidoo.com,Male,91,Petřvald
180,Robers Millins,rmillins4z@squidoo.com,Male,53,Köping
181,Adele Syde,asyde50@archive.org,Female,41,Tolbazy
182,Oby Readman,oreadman51@ft.com,Bigender,94,Mandalt
183,Stephan Gething,sgething52@china.com.cn,Male,46,Abū Ghaush
184,Tammy Dobrowolny,tdobrowolny53@usatoday.com,Male,40,Morelos
185,Myer Ulyatt,mulyatt54@dell.com,Male,87,Serrana
186,Devora Cowsby,dcowsby55@sina.com.cn,Genderfluid,98,Charlemagne
187,Bradley Asals,basals56@youtu.be,Genderqueer,48,Topdac
188,Jerad Falla,jfalla57@usnews.com,Male,71,Kyparissía
189,Wallis Almack,walmack58@noaa.gov,Female,54,Simabur
190,Donovan Bande,dbande59@people.com.cn,Male,91,Tiantang
191,Bobinette Nardoni,bnardoni5a@timesonline.co.uk,Female,83,Lubao
192,Starr Antliff,santliff5b@webnode.com,Female,92,Torbat-e Jām
193,Rosemaria Kubica,rkubica5c@domainmarket.com,Female,94,Banjar Jabejero
194,Deina Livingstone,dlivingstone5d@altervista.org,Female,61,Arrufó
195,Hughie Pickerin,hpickerin5e@noaa.gov,Genderqueer,50,Tunoshna
196,Dael Galbraeth,dgalbraeth5f@google.nl,Male,77,Bromma
197,Jillie Hubner,jhubner5g@harvard.edu,Female,82,Starobachaty
198,Constantina Pagitt,cpagitt5h@ucsd.edu,Female,85,Ailigandí
199,Hannis Poolman,hpoolman5i@usnews.com,Female,41,Ndibène Dahra
200,Lorens Devons,ldevons5j@timesonline.co.uk,Male,68,Morteros
201,Wynn Heaps,wheaps5k@360.cn,Polygender,99,Aranyaprathet
202,Darin Gawn,dgawn5l@meetup.com,Male,88,Bizhou
203,Katrinka Balaizot,kbalaizot5m@goo.gl,Female,42,Taokeng
204,Lela Pillington,lpillington5n@weebly.com,Female,71,Rio Novo do Sul
205,Marti Pargent,mpargent5o@twitter.com,Female,82,El Realejo
206,Bryon Clericoates,bclericoates5p@virginia.edu,Male,73,Bulawin
207,Anselm Biddleston,abiddleston5q@nifty.com,Male,84,Nurota Shahri
208,Kassandra Pleasants,kpleasants5r@mtv.com,Genderfluid,54,Lianzhou
209,Fee Buckleigh,fbuckleigh5s@theglobeandmail.com,Male,60,Shangdu
210,Lowell Avis,lavis5t@vk.com,Male,48,Kamenný Přívoz
211,Lynelle Brothwell,lbrothwell5u@blogspot.com,Female,54,Tanjungbalai
212,William Woolnough,wwoolnough5v@deviantart.com,Male,77,Pochuta
213,Adelind Leipold,aleipold5w@slate.com,Female,65,Xishan
214,Anabelle Bulleyn,abulleyn5x@yellowpages.com,Female,84,Bukitkemuning
215,Lenci Gyenes,lgyenes5y@google.com.hk,Non-binary,79,Chame
216,Emmalynn Frushard,efrushard5z@mapquest.com,Female,83,Keles Timur
217,Veronique Fancutt,vfancutt60@weibo.com,Female,90,Rio Brilhante
218,Gui Hartnup,ghartnup61@amazon.co.jp,Female,52,Moca
219,Rozalin Danielou,rdanielou62@alexa.com,Female,72,Montargis
220,Stephani Pavek,spavek63@purevolume.com,Genderfluid,43,Union
221,Rory Bellon,rbellon64@sohu.com,Male,65,Mamali
222,Kaitlynn Roots,kroots65@reverbnation.com,Female,45,Santa Eulalia
223,Bard Gladdor,bgladdor66@tripod.com,Male,40,Sarnaki
224,Valentia Daniello,vdaniello67@51.la,Female,75,Strenči
225,Flori Sprowles,fsprowles68@ft.com,Female,80,Bojongbenteng
226,Vladamir Gallone,vgallone69@prnewswire.com,Male,48,Davydovo
227,Madelena Bovingdon,mbovingdon6a@jiathis.com,Female,92,Shi’ao
228,Matthew Van der Kruys,mvan6b@deviantart.com,Male,63,Kesabpur
229,Chane Rupprecht,crupprecht6c@networkadvertising.org,Male,85,Vikbolandet
230,Marabel Gantley,mgantley6d@alexa.com,Bigender,83,Mangochi
231,Ariel Borland,aborland6e@google.nl,Female,95,Kavála
232,Jarvis Ghelarducci,jghelarducci6f@sfgate.com,Genderfluid,48,Kanda
233,Marlie MacAscaidh,mmacascaidh6g@deviantart.com,Female,61,Cisitu
234,Kial Paris,kparis6h@arizona.edu,Female,66,Troitskiy
235,Tallie Townend,ttownend6i@surveymonkey.com,Male,81,Týrnavos
236,Caye Matchell,cmatchell6j@etsy.com,Female,91,Śniadowo
237,Fianna Guidoni,fguidoni6k@prlog.org,Female,65,Bagumbayan
238,Alf Scare,ascare6l@nymag.com,Male,74,Tukbur
239,Sonja Perello,sperello6m@mail.ru,Female,54,Seka
240,Lianne Phelit,lphelit6n@prweb.com,Female,93,Nanhai
241,Judith Barling,jbarling6o@kickstarter.com,Female,100,Ku‘aydinah
242,Mirabella Saines,msaines6p@vkontakte.ru,Female,65,Lazurne
243,Ab Gane,agane6q@list-manage.com,Male,52,Anan
244,Dermot Banat,dbanat6r@cafepress.com,Male,59,Krojo
245,Laureen Rivaland,lrivaland6s@blogger.com,Female,50,Vendargues
246,Brendin Kimbury,bkimbury6t@unicef.org,Male,55,Ankaran
247,Kathlin Carnachen,kcarnachen6u@hexun.com,Female,81,Chicago
248,Sascha Baggaley,sbaggaley6v@admin.ch,Male,75,Hagondange
249,Cassandra Mallows,cmallows6w@hp.com,Female,77,Matingain
250,Nadya Giacomi,ngiacomi6x@drupal.org,Female,96,Żabia Wola
251,Aland Gateland,agateland6y@state.tx.us,Male,93,Boavista
252,Jandy Wallsworth,jwallsworth6z@about.com,Female,41,Guzhan
253,Brooks Doy,bdoy70@live.com,Male,95,Bairros
254,Hewe Sapir,hsapir71@nih.gov,Bigender,66,Xingpinglu
255,Dita Chesley,dchesley72@i2i.jp,Female,53,Arras
256,Giovanni Joncic,gjoncic73@cbslocal.com,Male,51,Saint-Amand-les-Eaux
257,Patton Pellington,ppellington74@quantcast.com,Male,55,Navegantes
258,Darcey Rhucroft,drhucroft75@tinypic.com,Genderfluid,52,Haunubenak
259,Ricard Gayther,rgayther76@gmpg.org,Male,86,Barbacoas
260,Deb Rosenfrucht,drosenfrucht77@mtv.com,Female,40,Huangzhai
261,Rozina Hairesnape,rhairesnape78@twitter.com,Female,100,Xinhua
262,Merilee Ferryn,mferryn79@vk.com,Female,99,Esquipulas
263,Gavin Iacobucci,giacobucci7a@chron.com,Male,89,Virden
264,Dewain Creggan,dcreggan7b@prweb.com,Male,40,Iyo
265,Kalinda Albone,kalbone7c@is.gd,Female,97,Oromocto
266,Kellsie Axtonne,kaxtonne7d@go.com,Female,66,Elista
267,Anallise Reddan,areddan7e@zdnet.com,Female,64,Changgai
268,Atlanta List,alist7f@vk.com,Female,71,T’ianet’i
269,Ferrell de Keyser,fde7g@php.net,Male,60,Topory
270,Benedikta Horley,bhorley7h@twitter.com,Female,96,Huangzhawan
271,Bethanne Virr,bvirr7i@tuttocitta.it,Agender,60,Dārāb
272,Noam Cranna,ncranna7j@mediafire.com,Male,66,Oklahoma City
273,Mandi Wickie,mwickie7k@nih.gov,Female,80,Bendosewu
274,Alexei Baxill,abaxill7l@bigcartel.com,Male,75,Kostyantynivka
275,Wakefield Marshalleck,wmarshalleck7m@microsoft.com,Male,94,Sujiazhuang
276,Clifford Nuscha,cnuscha7n@go.com,Male,97,Emiliano Zapata
277,Barn Dryden,bdryden7o@businesswire.com,Male,41,Guinobatan
278,Delcine Truwert,dtruwert7p@netlog.com,Female,55,Kstovo
279,Kermie Wike,kwike7q@cnet.com,Male,50,San Pablo
280,Hillyer Friman,hfriman7r@photobucket.com,Male,63,Borås
281,Amil McFetrich,amcfetrich7s@vistaprint.com,Female,69,Quzhou
282,Conn Matthiae,cmatthiae7t@miitbeian.gov.cn,Male,49,Shifang
283,Louie Rideout,lrideout7u@youtube.com,Male,80,Amvrosiyivka
284,Sharai Joiris,sjoiris7v@forbes.com,Female,81,Zhangcaizhuang
285,Basile Threadkell,bthreadkell7w@google.cn,Male,49,Gharavŭtí
286,Odette Bertomieu,obertomieu7x@hp.com,Female,95,Guadalupe
287,Cassie Hinrichs,chinrichs7y@scribd.com,Female,91,Janakpur
288,Clary Stobart,cstobart7z@tinypic.com,Female,97,Oslo
289,Sherwynd McLaverty,smclaverty80@google.com.au,Male,61,Waalwijk
290,Robbyn Valerius,rvalerius81@cnn.com,Female,63,Mozelos
291,Esther Titlow,etitlow82@miitbeian.gov.cn,Female,81,Rožďalovice
292,Guenevere Seals,gseals83@exblog.jp,Female,68,Ketangi
293,Jeri Files,jfiles84@who.int,Female,98,Ancol
294,Kylen Barnett,kbarnett85@desdev.cn,Female,59,San Lorenzo
295,Cordy Gilling,cgilling86@army.mil,Male,71,Gamagōri
296,Ximenez Obee,xobee87@ucsd.edu,Male,82,Dobrá
297,Julius Abatelli,jabatelli88@mediafire.com,Male,52,Chokwé
298,Kissie Thickpenny,kthickpenny89@ycombinator.com,Female,75,Nanpiao
299,Bren Lighton,blighton8a@purevolume.com,Female,67,Dzerzhinsk
300,Grange Steere,gsteere8b@cmu.edu,Male,59,Quận Phú Nhuận
301,Ambros Maskell,amaskell8c@prnewswire.com,Male,46,Balkanabat
302,Dennet Gladtbach,dgladtbach8d@youku.com,Male,50,Kukuna
303,Brook Rosso,brosso8e@is.gd,Female,51,Baofeng
304,Marcello Monson,mmonson8f@netvibes.com,Non-binary,97,Kassiri
305,Berrie Denniss,bdenniss8g@sun.com,Female,74,Khalīlābād
306,Sherlock Geikie,sgeikie8h@hugedomains.com,Bigender,42,Wanfa
307,Dave Gawthorp,dgawthorp8i@timesonline.co.uk,Male,58,Iwaki
308,Jerrylee Schollar,jschollar8j@php.net,Female,45,Travesía
309,Raleigh Overpool,roverpool8k@t-online.de,Male,86,La Paz Centro
310,Ruben Meagh,rmeagh8l@pcworld.com,Male,93,Tandou
311,Julia Latore,jlatore8m@reverbnation.com,Female,52,Kuaro
312,Donielle Hutton,dhutton8n@prlog.org,Female,63,Zhangjiayuan
313,Nixie Baleine,nbaleine8o@mlb.com,Female,90,Vodyane
314,Germain Frie,gfrie8p@yellowbook.com,Female,55,Bogor
315,Alejandro Rebbeck,arebbeck8q@fc2.com,Male,74,San Miguel
316,Frayda McCraw,fmccraw8r@earthlink.net,Female,66,Stara Pazova
317,Julee Keneleyside,jkeneleyside8s@dion.ne.jp,Female,53,Kumberg
318,Heinrick Ruscoe,hruscoe8t@yelp.com,Male,95,Cijambe
319,Codi Coniff,cconiff8u@unblog.fr,Agender,70,Tân Việt
320,Kelcie Waterhowse,kwaterhowse8v@reference.com,Female,80,Timiryazevo
321,Bryce Tambling,btambling8w@uiuc.edu,Male,88,Ginowan
322,Zsazsa Reiner,zreiner8x@hhs.gov,Female,80,Nagarakembang
323,Birch Dauncey,bdauncey8y@t-online.de,Male,52,Shanjiang
324,Wald Greser,wgreser8z@wufoo.com,Male,93,Niitsu-honchō
325,Maurie Asp,masp90@wp.com,Male,48,Ilići
326,Liv Schirok,lschirok91@freewebs.com,Female,44,Chemodanovka
327,Isabelle Dansie,idansie92@elegantthemes.com,Female,45,Muaralembu
328,Panchito McDonough,pmcdonough93@t.co,Male,84,Kakhovka
329,Magnum Gettone,mgettone94@ask.com,Male,91,Swinford
330,Vanda MacAscaidh,vmacascaidh95@godaddy.com,Female,70,Boucinhas
331,Taylor Alvarado,talvarado96@bbb.org,Male,74,Hwasun
332,Marcy Cowden,mcowden97@usnews.com,Genderqueer,97,Cibaregbeg
333,Sasha Loadwick,sloadwick98@php.net,Male,96,Ar Rumaythah
334,Tawnya O'Griffin,togriffin99@t.co,Female,93,Gaotian
335,Nevins Rozet,nrozet9a@omniture.com,Male,81,Luqiao
336,Lesley Chestnutt,lchestnutt9b@multiply.com,Female,81,Apatin
337,Isadora Martusewicz,imartusewicz9c@timesonline.co.uk,Female,62,Batanghari
338,Keary Bony,kbony9d@statcounter.com,Male,97,Changning
339,Sharron Glassard,sglassard9e@parallels.com,Female,49,Cijangkar
340,Hernando Macias,hmacias9f@hhs.gov,Male,40,Sāqayn
341,Griffy Lattos,glattos9g@ibm.com,Male,59,Bouaké
342,Elmer Giamelli,egiamelli9h@hatena.ne.jp,Male,50,Seiça
343,Dorelia Rosenstock,drosenstock9i@ezinearticles.com,Polygender,60,Bitanjuan
344,Rocky Heady,rheady9j@chronoengine.com,Male,98,Arıqıran
345,Marietta Hammerberg,mhammerberg9k@bloomberg.com,Female,85,Dabai
346,Nikola McClements,nmcclements9l@dailymotion.com,Male,45,Bolekhiv
347,Kristal Salvidge,ksalvidge9m@hao123.com,Female,96,Palmas
348,Torre Morfield,tmorfield9n@youku.com,Male,68,Amaury
349,Angus Lembrick,alembrick9o@ca.gov,Male,48,Bafoussam
350,Dill Porrett,dporrett9p@1und1.de,Male,60,Zhongbu
351,Tyrone McGrah,tmcgrah9q@imgur.com,Male,78,Ipiaú
352,Elvira Waszkiewicz,ewaszkiewicz9r@shutterfly.com,Female,56,Cochabamba
353,Eugenie Muino,emuino9s@hatena.ne.jp,Female,95,Delray Beach
354,Sybilla Lorkin,slorkin9t@reverbnation.com,Female,68,Songshu
355,Osborn Kubalek,okubalek9u@chronoengine.com,Male,63,Simo Satu
356,Lovell Marston,lmarston9v@hud.gov,Male,82,Fenghuo
357,Linzy Ridings,lridings9w@jiathis.com,Female,99,Hamburg
358,Antoinette Felkin,afelkin9x@bigcartel.com,Female,79,Pochayiv
359,Nial Digman,ndigman9y@g.co,Male,59,Tongguan
360,Elwyn Khan,ekhan9z@shareasale.com,Male,76,Mircze
361,Sid Jelley,sjelleya0@liveinternet.ru,Male,55,Astara
362,Kenn Linebarger,klinebargera1@shop-pro.jp,Male,41,Bato
363,Carlo Guenther,cguenthera2@sourceforge.net,Male,80,Gasi
364,Holli Henzer,hhenzera3@godaddy.com,Female,49,Chilliwack
365,Giustina Caswill,gcaswilla4@google.ca,Female,68,Hitiaa
366,Leena Adamovsky,ladamovskya5@bloglines.com,Female,55,Téra
367,Creigh Giacobilio,cgiacobilioa6@yelp.com,Male,95,Butel
368,Pennie Pieterick,ppietericka7@ebay.com,Male,96,San Fernando Apure
369,Ladonna Kiley,lkileya8@sina.com.cn,Female,69,Janowiec
370,Godfree Blunkett,gblunketta9@nydailynews.com,Male,98,Simpang
371,Geordie Jugging,gjuggingaa@ox.ac.uk,Male,81,Kairouan
372,Jerry Ferenczy,jferenczyab@ca.gov,Female,68,Tiechang
373,Chic Cullivan,ccullivanac@github.io,Male,68,Sukahening
374,Curtice Vedyashkin,cvedyashkinad@over-blog.com,Male,93,São Tomé
375,Raphael Cayford,rcayfordae@prnewswire.com,Male,85,Guadalupe Victoria
376,Creight Thorsen,cthorsenaf@taobao.com,Male,92,Toyama-shi
377,Web Kneath,wkneathag@stumbleupon.com,Male,41,Tampa
378,Tedi Pennycook,tpennycookah@reuters.com,Bigender,62,Santa Lucía
379,Melantha McGrudder,mmcgrudderai@ca.gov,Female,100,Shuitianzhuang
380,Marie Libri,mlibriaj@163.com,Female,82,Sheki
381,Kimbell Dann,kdannak@slashdot.org,Male,91,Jinotepe
382,Gib Bloore,gblooreal@paypal.com,Male,60,Mapiri
383,Erhart Horning,ehorningam@ameblo.jp,Agender,44,Skänninge
384,Burton Quaif,bquaifan@unesco.org,Non-binary,48,Dzagam
385,Somerset Brigman,sbrigmanao@msn.com,Male,80,Fenglin
386,Pietra Chieze,pchiezeap@photobucket.com,Female,69,Horka nad Moravou
387,Paolo Padgham,ppadghamaq@creativecommons.org,Male,49,Fangli
388,Emlyn Quilter,equilterar@foxnews.com,Male,91,Jocón
389,Ronny Radish,rradishas@cam.ac.uk,Agender,60,Salvaleón de Higüey
390,Rod McPhaden,rmcphadenat@cyberchimps.com,Male,80,Rentung
391,Cristal Whiterod,cwhiterodau@skyrock.com,Female,48,Dzhubga
392,Cullan Meace,cmeaceav@utexas.edu,Male,70,Taquari
393,Nolly Insko,ninskoaw@i2i.jp,Male,97,Heilongkou
394,Hewitt Stickells,hstickellsax@i2i.jp,Male,77,Il’ka
395,Lizzie Mushart,lmushartay@hatena.ne.jp,Female,50,Winter Haven
396,Kial Ansley,kansleyaz@walmart.com,Female,57,Bangrat
397,Sandro Carnoghan,scarnoghanb0@mit.edu,Male,78,Kruševac
398,Marshall Scough,mscoughb1@bluehost.com,Male,43,Sobral da Adiça
399,Gail Kitcher,gkitcherb2@google.co.jp,Male,99,Krajanjugosari
400,Ginni Mussilli,gmussillib3@epa.gov,Female,95,Dagang
401,Merridie Hoffman,mhoffmanb4@ft.com,Genderfluid,70,Mata de São João
402,Gian Laurant,glaurantb5@wufoo.com,Male,97,Likhoy
403,Martie Mattingley,mmattingleyb6@slideshare.net,Female,93,Priargunsk
404,Abby Drydale,adrydaleb7@skype.com,Polygender,53,Turirejo
405,Wyndham Dickings,wdickingsb8@wisc.edu,Genderqueer,59,Sáchica
406,Artair Aubry,aaubryb9@cam.ac.uk,Male,55,Yiwa
407,Ciel Fattorini,cfattoriniba@behance.net,Genderqueer,99,Dugu
408,Justinian Sutherel,jsutherelbb@is.gd,Male,68,Zishan
409,Doretta Hastwell,dhastwellbc@mlb.com,Female,51,Prengtale
410,Marlo Iskowitz,miskowitzbd@miitbeian.gov.cn,Bigender,88,Zhezqazghan
411,Arni MacKeever,amackeeverbe@fotki.com,Male,61,Ciudad Cortés
412,Lani Visco,lviscobf@globo.com,Genderfluid,73,Buesaco
413,York Dienes,ydienesbg@tmall.com,Male,81,Hengpi
414,Corly Caselli,ccasellibh@123-reg.co.uk,Female,94,Waitun
415,Isidor Greenman,igreenmanbi@ihg.com,Male,46,Aracaju
416,Wilona Cruxton,wcruxtonbj@marriott.com,Female,43,Acul du Nord
417,Drucie Grinley,dgrinleybk@liveinternet.ru,Female,70,Tōgane
418,Parsifal Sly,pslybl@virginia.edu,Male,87,Dvůr Králové nad Labem
419,Corina Verner,cvernerbm@blog.com,Female,48,Aldana
420,Stanfield Guiduzzi,sguiduzzibn@eventbrite.com,Agender,84,Yanmen
421,Robbyn Purvis,rpurvisbo@taobao.com,Female,99,Feicheng
422,Klaus McClenan,kmcclenanbp@mapy.cz,Genderfluid,97,Västerås
423,Delainey McIlwraith,dmcilwraithbq@addtoany.com,Male,58,Tigbaw
424,Brucie Pietruszka,bpietruszkabr@slate.com,Male,82,Gorbunki
425,Simon Mont,smontbs@sohu.com,Male,57,Sanjia
426,Natalya Scimonelli,nscimonellibt@youtu.be,Female,87,Barra do Piraí
427,Julienne Beaston,jbeastonbu@live.com,Female,98,Valencia
428,Merrily Praton,mpratonbv@time.com,Female,89,Bárrio
429,Moll Trenholm,mtrenholmbw@theguardian.com,Female,93,Carthage
430,Timothee Borge,tborgebx@netscape.com,Male,52,Mechrá Belqsiri
431,Carolan Apted,captedby@edublogs.org,Polygender,58,Marseille
432,Cariotta Tunnicliff,ctunnicliffbz@sciencedirect.com,Female,68,Tatou
433,Cornall Riolfi,criolfic0@yellowbook.com,Male,41,Ya’ngan
434,Salem Andreasen,sandreasenc1@about.me,Male,66,Los Arcos
435,Jerrine Devinn,jdevinnc2@wordpress.com,Female,67,Zhaocun
436,Carena Blumfield,cblumfieldc3@google.cn,Female,88,Kutorejo
437,Mallory Croxall,mcroxallc4@springer.com,Male,65,Dera Murād Jamāli
438,Georgia Henaughan,ghenaughanc5@baidu.com,Female,56,Circasia
439,Biddy Amthor,bamthorc6@google.cn,Female,87,Jenzan
440,Lucien Bridges,lbridgesc7@salon.com,Male,65,Hangou
441,Leupold Haack,lhaackc8@wordpress.org,Genderqueer,70,Maduao
442,Shayla Hannam,shannamc9@biglobe.ne.jp,Female,60,Nāḩīyat Saddat al Hindīyah
443,Courtnay Jorin,cjorinca@kickstarter.com,Female,80,Melaka
444,Cris Olive,colivecb@netvibes.com,Female,44,Shuangnian
445,Herschel Wadeson,hwadesoncc@cbsnews.com,Polygender,99,Gujba
446,Ron Deeprose,rdeeprosecd@paypal.com,Male,97,New York City
447,Lonee McMyler,lmcmylerce@tuttocitta.it,Female,59,Aku
448,Adelbert McGuckin,amcguckincf@deviantart.com,Male,70,Kuala Terengganu
449,Holly de Quesne,hdecg@cdc.gov,Male,41,Santa Fe
450,Paulie Beamiss,pbeamissch@independent.co.uk,Female,81,Los Angeles
451,Leoine Houliston,lhoulistonci@cpanel.net,Female,78,Tanahmerah
452,Susan Twycross,stwycrosscj@seattletimes.com,Female,45,Bularit
453,Lesly Grimstead,lgrimsteadck@archive.org,Female,53,Capivari
454,Micky Browett,mbrowettcl@adobe.com,Female,62,Xinfeng
455,Letizia Rewan,lrewancm@wikia.com,Genderqueer,54,Tambovka
456,Sherie Icke,sickecn@woothemes.com,Female,89,Almada
457,Danell Ossenna,dossennaco@issuu.com,Female,94,Parungjawa
458,Norean Menguy,nmenguycp@reverbnation.com,Female,61,Kawangu
459,Jacquelin Sambals,jsambalscq@apache.org,Female,70,Pithoro
460,Thatch Kantor,tkantorcr@miibeian.gov.cn,Male,95,Vigo
461,Wallis Blaase,wblaasecs@mail.ru,Male,51,Xiaohe
462,Bunni Minocchi,bminocchict@cmu.edu,Female,75,Saint-Amand-les-Eaux
463,Tito Vidgeon,tvidgeoncu@symantec.com,Male,83,Södertälje
464,Christy Goodburn,cgoodburncv@cloudflare.com,Male,44,Springfield
465,Maurice Piggot,mpiggotcw@cocolog-nifty.com,Male,40,Kafr Şaqr
466,Barclay Delacourt,bdelacourtcx@domainmarket.com,Genderfluid,89,Yuxin
467,Yvonne Sertin,ysertincy@amazon.co.uk,Female,43,Madura
468,Sybilla Cahalan,scahalancz@redcross.org,Female,58,Aramayuan
469,Gustave Porrett,gporrettd0@newsvine.com,Male,56,Rusnė
470,Fionna Rignoldes,frignoldesd1@usa.gov,Female,47,Bariri
471,Tabor Heake,theaked2@illinois.edu,Male,63,Adigeni
472,Merwyn Loftin,mloftind3@bigcartel.com,Male,58,Tsu-shi
473,Town Bastin,tbastind4@indiatimes.com,Male,73,Balete
474,Stinky Huckel,shuckeld5@ed.gov,Male,62,Khlevnoye
475,Wenonah Inwood,winwoodd6@oracle.com,Female,73,Hujirt
476,Ingelbert Last,ilastd7@mit.edu,Male,83,Afaahiti
477,Raquela Revely,rrevelyd8@ftc.gov,Female,86,Liuli
478,Joby Tremaine,jtremained9@nationalgeographic.com,Female,40,Nantes
479,Deborah Suckling,dsucklingda@fda.gov,Female,75,Daqian
480,Athena Grishunin,agrishunindb@addthis.com,Genderqueer,58,Namballe
481,Justina Elloy,jelloydc@tinyurl.com,Female,47,Mullsjö
482,Brianne Rickards,brickardsdd@ebay.com,Female,46,Markaz Mudhaykirah
483,Olav Haster,ohasterde@washington.edu,Male,85,Pérama
484,Cly Panichelli,cpanichellidf@trellian.com,Male,57,Delong
485,Jerri Maloney,jmaloneydg@ibm.com,Male,95,Imbituva
486,Tanny Keatley,tkeatleydh@bing.com,Agender,57,Mulchén
487,Urson Eastment,ueastmentdi@guardian.co.uk,Male,42,Tosno
488,Arlena Basant,abasantdj@mlb.com,Female,68,Bauan
489,Grier Titterrell,gtitterrelldk@cyberchimps.com,Female,85,Rungis
490,Nance Kemston,nkemstondl@elpais.com,Female,73,Atengmelang
491,Camilla Frankes,cfrankesdm@berkeley.edu,Female,90,Parthenay
492,Cordie Hucquart,chucquartdn@amazonaws.com,Female,82,Beira
493,Alla Summerton,asummertondo@1688.com,Female,48,Wanling
494,Franchot Allred,fallreddp@prnewswire.com,Male,74,Mudon
495,Vikki Faulds,vfauldsdq@taobao.com,Female,51,Carepa
496,Wallie Banasik,wbanasikdr@icq.com,Female,80,Ichinohe
497,Lyle Cantera,lcanterads@tamu.edu,Male,80,Amsterdam Binnenstad en Oostelijk Havengebied
498,Noelle Bernolet,nbernoletdt@reference.com,Female,63,Sabang
499,Lynna Creeghan,lcreeghandu@mozilla.com,Female,67,Salaš Crnobarski
500,Brandise Weich,bweichdv@prweb.com,Agender,50,Bang Sao Thong
501,Myer Deere,mdeeredw@jiathis.com,Male,51,Tajike’abati
502,Jocelin Bendix,jbendixdx@creativecommons.org,Female,46,Owase
503,Curr Clemensen,cclemensendy@oracle.com,Male,77,Białobrzegi
504,Fallon Dmych,fdmychdz@nytimes.com,Female,62,Cayungnan
505,Lynette Boggon,lboggone0@jigsy.com,Female,59,Katrineholm
506,Kakalina Tchir,ktchire1@youtube.com,Female,96,Tapon
507,Harvey Derges,hdergese2@youku.com,Male,100,Ar Rawnah
508,Alfonso Fiddyment,afiddymente3@ted.com,Male,45,Vília
509,Ive Burstow,iburstowe4@fema.gov,Male,42,Dalong
510,Kassi Grainger,kgraingere5@yelp.com,Bigender,76,Lyon
511,Scarface Farndell,sfarndelle6@aboutads.info,Male,98,Beselga
512,Huberto Jakubczyk,hjakubczyke7@soundcloud.com,Male,51,Mircze
513,Mychal Cockrem,mcockreme8@thetimes.co.uk,Male,57,Randu
514,Joy Phibb,jphibbe9@xrea.com,Female,98,Chekhov
515,Wolfgang Mersey,wmerseyea@ycombinator.com,Male,87,Bronx
516,Sim Chrisp,schrispeb@ehow.com,Male,83,Dimona
517,Rufe Cowton,rcowtonec@freewebs.com,Male,81,Sovetskoye
518,Francisco Fley,ffleyed@deviantart.com,Male,75,Bebae
519,Cosetta Ferentz,cferentzee@go.com,Female,99,Gjinoc
520,Clara Ciccoloi,cciccoloief@soundcloud.com,Female,44,Bailu
521,Fielding Terrett,fterretteg@mlb.com,Genderfluid,97,São Miguel de Machede
522,Bernadina O'Callaghan,bocallaghaneh@livejournal.com,Female,76,La Azulita
523,Biddy Bruford,bbrufordei@cbslocal.com,Female,83,Padang
524,Alyss Camoys,acamoysej@skyrock.com,Female,46,Aţ Ţurrah
525,Roxi Trusslove,rtrussloveek@goo.ne.jp,Female,88,Mbanza-Ngungu
526,Raymond Marieton,rmarietonel@opensource.org,Male,51,Kende
527,Jody Brettell,jbrettellem@apache.org,Male,87,Kauhan
528,Evyn Huglin,ehuglinen@lycos.com,Male,57,Taibai
529,Torie Dries,tdrieseo@typepad.com,Female,55,Telagaselaba
530,Hall Mandre,hmandreep@oracle.com,Male,78,Masaling
531,Marysa Ciepluch,mcieplucheq@ovh.net,Female,69,Bishan
532,Mandel Winterson,mwintersoner@time.com,Male,42,Azul
533,Osborn Allom,oallomes@sciencedaily.com,Male,69,Zopilotepe
534,Clemente Daye,cdayeet@accuweather.com,Genderfluid,85,Arroyo Seco
535,Eunice Aldritt,ealdritteu@google.com.hk,Female,80,Tampakan
536,Cristian Scrooby,cscroobyev@printfriendly.com,Male,73,Bugo
537,Maxie Cakes,mcakesew@jalbum.net,Male,45,Dukuh
538,Brewer Coddrington,bcoddringtonex@spiegel.de,Male,72,Sungailiat
539,Blanca McQuorkel,bmcquorkeley@themeforest.net,Female,57,Magbay
540,Idalina Delap,idelapez@usa.gov,Female,69,Nîmes
541,Emerson Alabone,ealabonef0@apache.org,Male,52,Comendador
542,Koenraad Dumpleton,kdumpletonf1@yolasite.com,Male,91,Dengjiang
543,Mathe Streeting,mstreetingf2@aol.com,Male,46,La Unión
544,Nicolis Romao,nromaof3@ning.com,Polygender,63,Spárti
545,Liam Fursland,lfurslandf4@quantcast.com,Male,53,Korçë
546,Francis Farlambe,ffarlambef5@jalbum.net,Genderqueer,97,Kedungasem
547,Vernice Merry,vmerryf6@webnode.com,Female,98,Mawlaik
548,Kendall Niles,knilesf7@springer.com,Male,73,Soa
549,Ulrica Grigoryev,ugrigoryevf8@gravatar.com,Female,76,Pulau Pinang
550,Shelly Oram,soramf9@naver.com,Female,50,San Juan del Surutú
551,Bibby Noweak,bnoweakfa@hibu.com,Female,81,Meruge
552,Kort Hackett,khackettfb@a8.net,Male,78,Qing’an
553,Nikolos Le Strange,nlefc@narod.ru,Genderfluid,69,Kota Kinabalu
554,Reider Cockarill,rcockarillfd@cmu.edu,Male,87,Fenghuang
555,Lebbie Bourges,lbourgesfe@huffingtonpost.com,Female,70,Oslo
556,Nanni Dallimore,ndallimoreff@about.me,Female,43,Goroka
557,Dermot Geale,dgealefg@indiatimes.com,Male,47,Shuitou
558,Toddy Fishpool,tfishpoolfh@google.es,Male,80,Sanban
559,Danella Bool,dboolfi@fotki.com,Female,86,Laibin
560,Giustino Kirton,gkirtonfj@t-online.de,Male,60,Yongjiu
561,Elayne Rizzardo,erizzardofk@ftc.gov,Female,45,Yanai
562,Godwin Feldhammer,gfeldhammerfl@buzzfeed.com,Male,41,Hekou
563,Emelyne Perrin,eperrinfm@home.pl,Female,75,Hollywood
564,Eben Vost,evostfn@drupal.org,Male,70,Ivot
565,Hewett Marzele,hmarzelefo@samsung.com,Polygender,43,Dmytrivka
566,Renado Kingzett,rkingzettfp@booking.com,Male,66,Chilmāri
567,Creight Callington,ccallingtonfq@pinterest.com,Male,81,Santa María de Jesús
568,Alard MacCarrane,amaccarranefr@booking.com,Male,51,Planaltina
569,Tonnie Lunny,tlunnyfs@hhs.gov,Male,79,Chicago
570,Reena Hurlston,rhurlstonft@disqus.com,Female,71,Cibatuireng
571,Margalo Huntriss,mhuntrissfu@tinypic.com,Female,48,Santa Monica
572,Kennith Fay,kfayfv@cam.ac.uk,Male,94,Banatski Despotovac
573,Leta Botten,lbottenfw@unicef.org,Female,56,Ciro Redondo
574,Maegan Davioud,mdavioudfx@google.com.br,Female,87,Valjevo
575,Maddi Crackett,mcrackettfy@nyu.edu,Female,96,Le Hochet
576,Biddie Hammerich,bhammerichfz@myspace.com,Genderqueer,62,Parakanbeusi
577,Iona McGriffin,imcgriffing0@businessinsider.com,Female,76,Chazón
578,Idalia Diviney,idivineyg1@lycos.com,Female,79,West Island
579,Nat Tivolier,ntivolierg2@businessinsider.com,Male,61,Darband
580,Blancha Durrance,bdurranceg3@ted.com,Genderqueer,82,Casal Galego
581,Bunni Scrimshaw,bscrimshawg4@omniture.com,Female,97,Néa Karváli
582,Hurlee Mehew,hmehewg5@hatena.ne.jp,Male,56,Stockholm
583,Millard Whapples,mwhapplesg6@indiegogo.com,Male,55,Riit
584,Rici Arthey,rartheyg7@timesonline.co.uk,Female,60,Guayabal
585,Jermaine Graybeal,jgraybealg8@tumblr.com,Non-binary,99,Gevgelija
586,Ansley Ogborne,aogborneg9@indiatimes.com,Female,97,Abeokuta
587,Pablo Core,pcorega@ft.com,Male,63,Oubei
588,Starlene Tudbald,studbaldgb@reference.com,Female,93,Namie
589,Clary Cossell,ccossellgc@youku.com,Female,72,Aktau
590,Hildagarde Rawlins,hrawlinsgd@google.ru,Female,89,Lindian
591,Gretchen Gehrels,ggehrelsge@xing.com,Female,99,Castrovirreyna
592,Ravid Widdowes,rwiddowesgf@state.tx.us,Male,72,Youlongchuan
593,Nanine Kedie,nkediegg@desdev.cn,Female,76,Jijiazhuang
594,Dorthea Brunker,dbrunkergh@state.tx.us,Female,97,Talashkino
595,Lilly Hinckes,lhinckesgi@deliciousdays.com,Female,55,Dnestrovsc
596,Katalin Musicka,kmusickagj@twitpic.com,Female,93,Pavlohrad
597,Christen Pennicott,cpennicottgk@ox.ac.uk,Female,49,Tuanshan
598,Olivie Vondrach,ovondrachgl@hexun.com,Female,83,Timrå
599,Huntington Clemmen,hclemmengm@gov.uk,Male,69,Nijmegen
600,Merwyn Luciano,mlucianogn@furl.net,Genderqueer,73,Rochester
601,Myca Pea,mpeago@hostgator.com,Male,94,Mamedkala
602,Arvy Parzizek,aparzizekgp@printfriendly.com,Male,69,Yashio-shi
603,Gunar Mandrier,gmandriergq@google.de,Polygender,83,Stockholm
604,Hillard Sturt,hsturtgr@utexas.edu,Male,56,San Isidro
605,Adriane Goldney,agoldneygs@spiegel.de,Genderqueer,92,Kaingiwa
606,Kellen Dodge,kdodgegt@bravesites.com,Female,61,Mengeš
607,Morris Bonifas,mbonifasgu@bizjournals.com,Male,90,Tancheng
608,Madelaine Le Friec,mlegv@wisc.edu,Genderfluid,90,Scottsdale
609,Jeane Schimoni,jschimonigw@goo.gl,Female,90,Bethlehem
610,Field Killingsworth,fkillingsworthgx@furl.net,Male,74,Carania
611,Forbes Greggersen,fgreggersengy@nifty.com,Male,68,Añatuya
612,Hallie Ducker,hduckergz@ucla.edu,Female,66,Tsaghkahovit
613,Candi Guillotin,cguillotinh0@latimes.com,Female,67,Dāngām
614,Coop Struis,cstruish1@engadget.com,Male,74,Sangiang
615,Mahmoud Noden,mnodenh2@sciencedirect.com,Male,89,Katwijk
616,Paulie Bartels-Ellis,pbartelsellish3@reuters.com,Female,69,Serra de Santa Marinha
617,Lemar Cartmale,lcartmaleh4@earthlink.net,Male,46,Karlskrona
618,Ringo Toohey,rtooheyh5@lulu.com,Male,76,Buchlovice
619,Gabriella Horsley,ghorsleyh6@skype.com,Female,45,Dongzhang
620,Lenette Nevitt,lnevitth7@bluehost.com,Female,86,Dobrošte
621,Nanine Groucock,ngroucockh8@homestead.com,Female,63,Yuelai
622,Cathy Edrich,cedrichh9@thetimes.co.uk,Female,84,Tsivil’sk
623,Bear Depper,bdepperha@xinhuanet.com,Genderfluid,57,Nakhchivan
624,Milicent Hearl,mhearlhb@about.com,Female,86,Lanhe
625,Bennie Hourston,bhourstonhc@google.cn,Female,64,Lille
626,Garland Alwood,galwoodhd@timesonline.co.uk,Female,58,Stráž
627,Miltie Plesing,mplesinghe@ycombinator.com,Male,83,Drummondville
628,Desi Gelderd,dgelderdhf@nps.gov,Male,84,Daraitan
629,Ephrem Mazzeo,emazzeohg@liveinternet.ru,Male,64,Miandrarivo
630,Verile Wright,vwrighthh@theguardian.com,Female,40,Eg
631,Hunfredo Sames,hsameshi@nba.com,Male,81,Itaporanga
632,Markus Havesides,mhavesideshj@prweb.com,Male,48,Dayrūţ
633,Rinaldo Hapgood,rhapgoodhk@oakley.com,Male,87,Santa Rosa
634,Doro Belchem,dbelchemhl@weebly.com,Female,80,Wulan
635,Abran Stonall,astonallhm@timesonline.co.uk,Male,80,Vila Chã de Ourique
636,Umeko Fadian,ufadianhn@wired.com,Female,100,Valerik
637,Noni Dollar,ndollarho@sina.com.cn,Polygender,95,Uuemõisa
638,Willetta Munks,wmunkshp@cbc.ca,Female,72,Lýkeio
639,Catriona Kinnane,ckinnanehq@weebly.com,Female,44,Krajan Dua Padomasan
640,Frankie Waddie,fwaddiehr@yellowbook.com,Female,80,Huangxi
641,Abigail Dowyer,adowyerhs@dailymotion.com,Agender,72,Trois-Rivières
642,Yancey Skippon,yskipponht@xinhuanet.com,Genderfluid,54,Detchino
643,Harlene Whiscard,hwhiscardhu@businesswire.com,Bigender,80,Changyanbao
644,Kerwin Trighton,ktrightonhv@loc.gov,Male,93,Levashi
645,Annadiane Baudassi,abaudassihw@soup.io,Female,69,San Antonio
646,Lurleen Duffin,lduffinhx@wikipedia.org,Non-binary,73,Nanqiu
647,Brenna Dootson,bdootsonhy@hhs.gov,Female,53,Eshan
648,Cheri Doddemeede,cdoddemeedehz@mac.com,Female,49,Hongsipu
649,Ami Downgate,adowngatei0@multiply.com,Female,81,Bakıxanov
650,Bertram Tunniclisse,btunniclissei1@goo.gl,Male,67,Podgorica
651,Aubrey Bushell,abushelli2@addtoany.com,Male,86,Álimos
652,Reynold Millership,rmillershipi3@spiegel.de,Male,84,Lunenburg
653,Misha Kelling,mkellingi4@skype.com,Bigender,47,Cookshire-Eaton
654,Creighton Dumingo,cdumingoi5@facebook.com,Male,44,La Foa
655,Caryl Rowler,crowleri6@photobucket.com,Female,62,Citampian
656,Conrad Oakinfold,coakinfoldi7@seesaa.net,Male,92,Hulan
657,Bamby Crutchley,bcrutchleyi8@princeton.edu,Female,53,Monamon
658,Harriot Rotlauf,hrotlaufi9@ameblo.jp,Female,43,Ferreiras
659,Renie Antoniades,rantoniadesia@bigcartel.com,Female,97,Solntsevo
660,Paxton Oneil,poneilib@wp.com,Male,55,Bartošovice
661,Alonzo Olyff,aolyffic@dion.ne.jp,Male,67,Arroyo Seco
662,Felix Longstaffe,flongstaffeid@tmall.com,Male,83,Lubichowo
663,Morty Wynrehame,mwynrehameie@house.gov,Male,44,Lyasny
664,Andy Davley,adavleyif@sciencedaily.com,Male,71,Lom Sak
665,Dawn Coneron,dconeronig@goodreads.com,Female,93,Jingzi
666,Allyson Breakey,abreakeyih@jalbum.net,Female,58,Haikou
667,Tracey Gomery,tgomeryii@jugem.jp,Male,96,Nizhniy Lomov
668,Fairleigh Molan,fmolanij@wufoo.com,Male,59,Sheffield
669,Catlee Pasticznyk,cpasticznykik@twitter.com,Female,51,Houyu
670,Ashbey McLoney,amcloneyil@java.com,Male,100,Hulyaypole
671,Kristen Gilvary,kgilvaryim@tinypic.com,Female,77,Gradići
672,Hurley MacVanamy,hmacvanamyin@hexun.com,Male,40,Nueve de Julio
673,Kendre Burnapp,kburnappio@usatoday.com,Female,40,Balungkopi
674,Marianna Ladell,mladellip@nytimes.com,Female,42,Haiyang
675,Garv Itzkovici,gitzkoviciiq@tumblr.com,Genderfluid,86,Mauren
676,Hesther Scholar,hscholarir@yellowbook.com,Female,44,Boniewo
677,Winn Proby,wprobyis@e-recht24.de,Male,61,Weitang
678,Karee Sapson,ksapsonit@reverbnation.com,Female,68,"Coruña, A"
679,Wes Gillbanks,wgillbanksiu@wordpress.com,Bigender,65,Gayam
680,Dyann Brimming,dbrimmingiv@irs.gov,Female,48,Dafundo
681,Naoma Butterly,nbutterlyiw@cargocollective.com,Polygender,85,Yuanjue
682,Courtney Drakeley,cdrakeleyix@jugem.jp,Male,57,Kvasiny
683,Aguie Alleway,aallewayiy@wunderground.com,Male,40,Spassk
684,Teddie Scamaden,tscamadeniz@squidoo.com,Female,51,Zengtian
685,Franciskus Fysh,ffyshj0@pen.io,Male,81,Štěchovice
686,Todd Casillas,tcasillasj1@intel.com,Male,42,Krajan Tengah
687,Alden Beet,abeetj2@amazon.com,Male,91,Zbýšov
688,Cecily Pirot,cpirotj3@furl.net,Female,48,Cajacay
689,Sheeree Sneddon,ssneddonj4@digg.com,Non-binary,78,Alebtong
690,Karlee Doull,kdoullj5@com.com,Female,58,Kusatsu
691,Gretel Gonneau,ggonneauj6@1688.com,Female,69,Honkajoki
692,Kiah Spatarul,kspatarulj7@dagondesign.com,Female,81,Bukama
693,Kenon Blower,kblowerj8@purevolume.com,Agender,67,Vogan
694,Rey Gaze,rgazej9@pen.io,Polygender,76,Tornio
695,Marcel Reyburn,mreyburnja@seesaa.net,Male,70,Bolengpulau
696,Helen Andrejs,handrejsjb@posterous.com,Female,52,Rzhev
697,Leticia Bartlam,lbartlamjc@livejournal.com,Female,67,Şafwá
698,Austen McPike,amcpikejd@geocities.jp,Bigender,98,Bangko
699,Joseph Fidgeon,jfidgeonje@1688.com,Male,82,Wenjiao
700,Dona Iorns,diornsjf@dell.com,Female,98,Jomboy
701,Aron Ricci,ariccijg@eventbrite.com,Male,95,Zhuangxing
702,Elihu Farnworth,efarnworthjh@flavors.me,Male,96,Kālia
703,Artemis Shropshire,ashropshireji@chronoengine.com,Male,93,Huddinge
704,Winnie Klasing,wklasingjj@mtv.com,Male,90,Cocorná
705,Dew Tidmas,dtidmasjk@dion.ne.jp,Male,96,Pilníkov
706,Mordy Scudamore,mscudamorejl@jugem.jp,Male,75,Bahía de Caráquez
707,Mehetabel Lennox,mlennoxjm@jigsy.com,Female,93,Wahawaha
708,Hulda Schrieves,hschrievesjn@tamu.edu,Female,69,Vénissieux
709,Cariotta Warcup,cwarcupjo@usa.gov,Female,71,Kalisangkrah Lor
710,Beryl Gherardesci,bgherardescijp@hud.gov,Female,64,Várzea
711,Judye Obin,jobinjq@yahoo.com,Female,55,Kipini
712,Nikolas De Luna,ndejr@devhub.com,Male,96,Jetis
713,Ethe Gell,egelljs@cbc.ca,Male,87,San Lorenzo
714,Jeremie Edlington,jedlingtonjt@cloudflare.com,Male,84,Angao
715,Gilbertine Bartoletti,gbartolettiju@cnn.com,Female,64,São Mateus do Maranhão
716,Stanly Norvill,snorvilljv@sfgate.com,Male,82,Rockford
717,Zedekiah Ramshaw,zramshawjw@epa.gov,Male,64,Chãos
718,Chic Blastock,cblastockjx@csmonitor.com,Male,85,Bhairāhawā
719,Sebastien Sapshed,ssapshedjy@trellian.com,Male,74,Monastyrishche
720,Hastie Dearlove,hdearlovejz@dot.gov,Male,80,Évodoula
721,Crissie Capstick,ccapstickk0@vkontakte.ru,Non-binary,93,Pallasca
722,Perle Skivington,pskivingtonk1@topsy.com,Female,82,Kozloduy
723,Sauncho McBoyle,smcboylek2@engadget.com,Male,89,Perivólia
724,Venus Barrington,vbarringtonk3@bbb.org,Female,48,Pulo
725,Tammie Kach,tkachk4@yale.edu,Female,79,Kalembutillu
726,Jesus Roche,jrochek5@army.mil,Male,55,Araçuaí
727,Bald Trew,btrewk6@behance.net,Male,88,Naukšēni
728,Evelina Statton,estattonk7@cdc.gov,Female,66,Cergy-Pontoise
729,Jeane Monsey,jmonseyk8@livejournal.com,Female,75,Nonohonis
730,Cyrille Mc Ilwrick,cmck9@gizmodo.com,Male,60,Fao Rai
731,Staford Grimsdith,sgrimsdithka@ustream.tv,Male,95,Florestópolis
732,Aretha Drinkhill,adrinkhillkb@github.com,Female,70,Umi
733,Zach Llop,zllopkc@hubpages.com,Non-binary,44,Kasina Wielka
734,Jocelyn Ritmeier,jritmeierkd@live.com,Female,42,Santa Rosa
735,Carey Enderby,cenderbyke@youtube.com,Male,52,Orlando
736,Raphaela Dorsey,rdorseykf@purevolume.com,Genderqueer,48,Lue Amnat
737,Aurea Baudts,abaudtskg@youku.com,Female,52,Al Mazra‘ah ash Sharqīyah
738,Zed Cominotti,zcominottikh@homestead.com,Male,46,Khvastovichi
739,Felicia Cadwaladr,fcadwaladrki@quantcast.com,Female,62,Mamara
740,Adolphus Dossetter,adossetterkj@ameblo.jp,Male,75,Ḩarīb
741,Nickolaus Boobyer,nboobyerkk@arizona.edu,Male,78,Amio
742,Lewes Hatry,lhatrykl@tamu.edu,Male,75,San Francisco
743,Roddie Scully,rscullykm@quantcast.com,Male,81,Shaxi
744,Ellyn Hayworth,ehayworthkn@msn.com,Female,46,Tāfuna
745,Chiquia Lynes,clynesko@ibm.com,Female,55,Šumperk
746,Zachariah Segge,zseggekp@auda.org.au,Male,78,Novokuz’minki
747,Kimmi Azemar,kazemarkq@drupal.org,Female,44,Fort Smith
748,Ronica Harmour,rharmourkr@symantec.com,Female,96,Jianrao
749,Jamesy Meijer,jmeijerks@disqus.com,Bigender,41,Kajiki
750,Markus Blackstone,mblackstonekt@ebay.com,Genderqueer,95,Los Pinos
751,Luciano Stoggell,lstoggellku@xrea.com,Male,59,Reggada
752,Midge Pattillo,mpattillokv@macromedia.com,Female,54,Minas de Marcona
753,Tedd Gritsunov,tgritsunovkw@java.com,Male,51,Tiguha
754,Anselm Dillicate,adillicatekx@shinystat.com,Male,57,San Antonio de los Cobres
755,Ad Claige,aclaigeky@wp.com,Male,79,Chimtāl
756,Jamison Matthewes,jmattheweskz@delicious.com,Male,86,Lolak
757,Roby Barney,rbarneyl0@lulu.com,Non-binary,69,Chachagüí
758,Bessy Friett,bfriettl1@wunderground.com,Female,79,Berlin
759,Loren Cooley,lcooleyl2@cloudflare.com,Male,41,Abdurahmoni Jomí
760,Wynn Reinert,wreinertl3@posterous.com,Male,44,Laiya
761,Beryl Armstead,barmsteadl4@ucoz.ru,Female,71,Yabēlo
762,Helsa Morgon,hmorgonl5@artisteer.com,Female,79,San Agustín
763,Julietta Milner,jmilnerl6@forbes.com,Bigender,99,Coronda
764,Odelinda McPhelimey,omcphelimeyl7@businessweek.com,Female,46,Farshūţ
765,Rollins Vicar,rvicarl8@bbb.org,Male,99,Odzi
766,Griffin Hadland,ghadlandl9@pen.io,Male,44,Kurnāz
767,Danice Lamort,dlamortla@google.com.hk,Female,69,Espinal
768,Otto Yakovich,oyakovichlb@domainmarket.com,Male,78,Shihuajian
769,Linn Arnault,larnaultlc@biblegateway.com,Male,52,Banjar Bucu
770,Maure Denys,mdenysld@ifeng.com,Female,62,Đắk Glei
771,Nomi Tompkins,ntompkinsle@feedburner.com,Female,62,Nerópolis
772,Denise Claasen,dclaasenlf@theatlantic.com,Female,89,Mashi
773,Phylys Caws,pcawslg@purevolume.com,Female,60,Balaoang
774,Colly Neeson,cneesonlh@state.gov,Female,54,Calais
775,Umberto Benzing,ubenzingli@bloomberg.com,Male,94,Ramon’
776,Carver Mertsching,cmertschinglj@nhs.uk,Male,40,Shangjia
777,Cecilia Colpus,ccolpuslk@apache.org,Female,72,Norrahammar
778,Myra Blogg,mbloggll@liveinternet.ru,Female,67,Feikeng
779,Virgilio Labrow,vlabrowlm@simplemachines.org,Male,54,Balykchy
780,Solly Falkus,sfalkusln@indiatimes.com,Male,83,Catayauan
781,Allyson Turneux,aturneuxlo@ebay.co.uk,Female,63,Lakinsk
782,Layton Marks,lmarkslp@adobe.com,Male,41,Gomel
783,Nataniel Tempest,ntempestlq@netvibes.com,Male,76,Philadelphia
784,Griffie Chetwind,gchetwindlr@google.fr,Male,77,Zhongxing
785,Dun Buttrick,dbuttrickls@hibu.com,Male,74,Zhaowu
786,Ramsey McNickle,rmcnicklelt@phpbb.com,Non-binary,94,Xinshi
787,Stephanie Abramin,sabraminlu@ft.com,Female,65,Osveya
788,Whittaker Riccioppo,wriccioppolv@latimes.com,Male,68,Qiaodi
789,Pooh De Ambrosis,pdelw@wikipedia.org,Male,57,Santana de Parnaíba
790,Cheston Wantling,cwantlinglx@dropbox.com,Male,75,Baganhilir
791,Reginauld Collison,rcollisonly@pagesperso-orange.fr,Male,73,Castedo
792,Wren Dyne,wdynelz@amazonaws.com,Female,83,Sapol
793,Bernadina Nickerson,bnickersonm0@meetup.com,Female,87,Petaling Jaya
794,Paddie Francillo,pfrancillom1@tripadvisor.com,Polygender,99,Zbýšov
795,Emelyne Ketchen,eketchenm2@google.co.jp,Female,79,Neiva
796,Frankie Jewson,fjewsonm3@jigsy.com,Female,81,Taranovskoye
797,Adair Lathom,alathomm4@java.com,Male,90,Lisovi Sorochyntsi
798,Muhammad Juden,mjudenm5@artisteer.com,Male,60,Sindangpanji
799,Gaston Gait,ggaitm6@people.com.cn,Male,70,Samut Songkhram
800,Karry Driffe,kdriffem7@simplemachines.org,Female,54,Schirmeck
801,Efrem Kondratenko,ekondratenkom8@usnews.com,Male,60,Jiaotang
802,Niki Hamlington,nhamlingtonm9@ucoz.com,Male,61,Verkhozim
803,Cathrine Illston,cillstonma@yelp.com,Female,77,Campo Mourão
804,Salvatore Bernardy,sbernardymb@timesonline.co.uk,Non-binary,82,Bergen
805,Galvin Buggy,gbuggymc@house.gov,Male,59,Huangbu
806,Matias Mustchin,mmustchinmd@auda.org.au,Male,79,Smederevo
807,Lee Yurmanovev,lyurmanovevme@kickstarter.com,Female,46,Sanli
808,Berti Burfoot,bburfootmf@dedecms.com,Male,74,Lavradio
809,Brandtr Boch,bbochmg@youtube.com,Male,92,Cabanbanan
810,Manya Caile,mcailemh@jalbum.net,Female,42,Krasnaya Poyma
811,Tracey Allinson,tallinsonmi@mac.com,Male,79,28 de Noviembre
812,Lucilia Audas,laudasmj@ameblo.jp,Female,41,Golovinskiy
813,Vinni Conniam,vconniammk@stanford.edu,Female,81,Jackson
814,Dosi Mottinelli,dmottinelliml@seattletimes.com,Female,50,Godziszów Pierwszy
815,Milton McGloin,mmcgloinmm@rambler.ru,Male,42,Oenpeotnai
816,Frazer Scamel,fscamelmn@kickstarter.com,Male,82,Estefania
817,Matthiew Van der Linde,mvanmo@statcounter.com,Male,83,Fullerton
818,Lilyan Dubois,lduboismp@nasa.gov,Female,53,Miastko
819,Robyn Dring,rdringmq@privacy.gov.au,Female,60,Santa Brigida
820,Gennie Rubartelli,grubartellimr@cbc.ca,Female,100,Mayenne
821,Imojean Antonio,iantonioms@wikispaces.com,Female,44,Kampungtengah
822,Thorn Billborough,tbillboroughmt@cam.ac.uk,Male,87,Hutou
823,Evvy Collelton,ecolleltonmu@accuweather.com,Female,52,Rumāh
824,Erick Winning,ewinningmv@oaic.gov.au,Polygender,97,Richmond
825,Thibaut Pietruszka,tpietruszkamw@parallels.com,Polygender,50,Xieqiao
826,Godfrey Culshew,gculshewmx@house.gov,Male,92,Albertville
827,Breanne Bickmore,bbickmoremy@lycos.com,Genderqueer,49,Padre Nabeto
828,Winnah Beadon,wbeadonmz@examiner.com,Female,61,Anastácio
829,Lulita McCord,lmccordn0@drupal.org,Female,46,Đình Lập
830,Rose Abeau,rabeaun1@wiley.com,Female,62,Yashao
831,Shanda Prandi,sprandin2@last.fm,Female,99,Pejek
832,Petunia Linch,plinchn3@businesswire.com,Female,87,eSikhawini
833,Anders Stubbings,astubbingsn4@sun.com,Male,40,Quebo
834,Aindrea Sawyer,asawyern5@people.com.cn,Genderfluid,56,Ágios Vasíleios
835,Norby Brandts,nbrandtsn6@printfriendly.com,Male,85,Paradela
836,Elyn Hornung,ehornungn7@pinterest.com,Female,57,Dukou
837,Gus Awcoate,gawcoaten8@pcworld.com,Female,63,Goulmima
838,Madelle Kennally,mkennallyn9@engadget.com,Female,68,Xipi
839,Tracie McCague,tmccaguena@ucoz.com,Male,99,Nanyang
840,Claretta Raddon,craddonnb@diigo.com,Non-binary,40,Pilluana
841,Othilia Medcalfe,omedcalfenc@ning.com,Genderqueer,73,Kudang
842,Leupold McFaell,lmcfaellnd@1688.com,Male,62,Linköping
843,Donalt McCroary,dmccroaryne@hostgator.com,Male,59,Tinaquillo
844,Gareth Di Biaggi,gdinf@amazon.co.uk,Male,86,Shīeli
845,Chance Hacon,chaconng@alexa.com,Male,72,Capacho Nuevo
846,Den Darch,ddarchnh@ca.gov,Male,62,Tanjungpati
847,Harri Mixhel,hmixhelni@ucoz.com,Female,43,Xinye
848,Maurise Leger,mlegernj@geocities.jp,Male,85,Ghāro
849,Aurelie Bortol,abortolnk@about.com,Agender,63,Krasae Sin
850,Micky Normington,mnormingtonnl@friendfeed.com,Agender,72,Sukorejo
851,Belvia Sholem,bsholemnm@unblog.fr,Female,44,Bern
852,Cecelia Laden,cladennn@list-manage.com,Genderfluid,99,Airmolek
853,Fayth Leckey,fleckeyno@seesaa.net,Female,57,Lipahan
854,Bryce Groocock,bgroococknp@etsy.com,Male,72,Dhībīn
855,Trix Cawthorn,tcawthornnq@printfriendly.com,Female,52,Fort-de-France
856,Jarrett Figurski,jfigurskinr@issuu.com,Male,71,Guzhen
857,Marin Benaine,mbenainens@cornell.edu,Female,80,Ogurugu
858,Orville Churcher,ochurchernt@microsoft.com,Male,56,Kalayemule
859,Marj Urry,murrynu@comcast.net,Female,57,Hagi
860,Doralynn Stubbs,dstubbsnv@163.com,Female,41,Anyang
861,Nan Bunstone,nbunstonenw@scribd.com,Female,68,Gemena
862,Ezequiel Baversor,ebaversornx@ebay.co.uk,Male,44,Tai’an
863,Daffie Oxton,doxtonny@pcworld.com,Agender,90,Zaqatala
864,Jessamyn Pennells,jpennellsnz@usa.gov,Female,60,Carodok
865,Pacorro Sibbald,psibbaldo0@jigsy.com,Male,45,Ukata
866,Valle Silverlock,vsilverlocko1@livejournal.com,Male,64,Valmiera
867,Pietrek Gertray,pgertrayo2@imgur.com,Male,57,Thị Trấn Mường Khến
868,Nataline Le Grove,nleo3@google.nl,Female,79,Albania
869,Billy Girogetti,bgirogettio4@newsvine.com,Male,61,Jin’an
870,Debee Woolnough,dwoolnougho5@constantcontact.com,Female,88,Georgetown
871,Costa Tofano,ctofanoo6@businessweek.com,Male,90,Jianrao
872,Consuela Rentz,crentzo7@elpais.com,Female,95,Pengwan
873,Nil Ruggiero,nruggieroo8@theglobeandmail.com,Male,45,Mansilingan
874,Tripp Dalgarnowch,tdalgarnowcho9@guardian.co.uk,Male,77,Haiyanmiao
875,Lissie Harwin,lharwinoa@latimes.com,Female,59,Kluczbork
876,Keri Deaville,kdeavilleob@nature.com,Female,82,Kabongan Kidul
877,Silas Gersam,sgersamoc@salon.com,Male,52,Além do Rio
878,Leland Ponsford,lponsfordod@examiner.com,Male,81,Mascote
879,Vilhelmina Werrett,vwerrettoe@chicagotribune.com,Genderfluid,69,Khorixas
880,Karleen Holmyard,kholmyardof@blogtalkradio.com,Female,90,Zhongzhai
881,Gideon Cosh,gcoshog@godaddy.com,Male,48,Cacheu
882,Jemimah Sprott,jsprottoh@mapquest.com,Female,70,Mikstat
883,Florentia Frede,ffredeoi@drupal.org,Female,82,Heung-hai
884,Clarabelle Gravenor,cgravenoroj@sitemeter.com,Female,45,Sinazongwe
885,Aldis Mawson,amawsonok@arizona.edu,Male,61,Castelo
886,Veronika Gryglewski,vgryglewskiol@shinystat.com,Female,66,Itabuna
887,Tessy Tinline,ttinlineom@uol.com.br,Female,89,Yantianhe
888,Eldin Erwin,eerwinon@mozilla.org,Male,95,Taishanmiao
889,Brad Leathlay,bleathlayoo@samsung.com,Male,43,Waerana
890,Fabio Ferber,fferberop@yellowbook.com,Male,71,Toulouse
891,Gabriella Bartalot,gbartalotoq@nature.com,Bigender,96,El Cortezo
892,Dur Pasquale,dpasqualeor@bizjournals.com,Male,71,Huilong
893,Kandy Stoneman,kstonemanos@google.com.au,Female,67,Cut-cut Primero
894,Vick Petford,vpetfordot@yahoo.co.jp,Male,100,Las Heras
895,Cal Eccleshare,ceccleshareou@blogs.com,Male,87,Huangdao
896,Ludwig Billes,lbillesov@parallels.com,Male,90,Mlangali
897,Laney Beake,lbeakeow@washingtonpost.com,Male,65,Guagua
898,Patty Garlick,pgarlickox@360.cn,Male,55,Áno Kómi
899,Bria Loadwick,bloadwickoy@google.nl,Female,95,Primero de Enero
900,Opalina Guidone,oguidoneoz@ameblo.jp,Female,83,Sicamous
901,Sonnie Taill,staillp0@php.net,Female,72,Rokietnica
902,Van Kilford,vkilfordp1@google.cn,Male,93,Kantharalak
903,Avrit Titley,atitleyp2@webs.com,Female,89,Changhua
904,Mead Beatens,mbeatensp3@deliciousdays.com,Male,65,Gaimán
905,Laura Sywell,lsywellp4@nationalgeographic.com,Female,73,Al Mushannaf
906,Sylvan Barrowclough,sbarrowcloughp5@weebly.com,Male,92,Meijiang
907,Byran Duchateau,bduchateaup6@va.gov,Male,87,Diourbel
908,Neils Pordal,npordalp7@timesonline.co.uk,Male,47,Kabacan
909,Reba Ocheltree,rocheltreep8@forbes.com,Female,69,Erdu
910,Bobina Heales,bhealesp9@blogger.com,Female,63,Yanmen
911,Mart Imesson,mimessonpa@accuweather.com,Male,93,Aguaí
912,Glenn Collinette,gcollinettepb@wufoo.com,Female,53,Lidečko
913,Donna Norgan,dnorganpc@columbia.edu,Female,75,Pylaía
914,Kirk Eisikovitsh,keisikovitshpd@prlog.org,Polygender,99,Hisor
915,Eada Willgrass,ewillgrasspe@zdnet.com,Polygender,45,Changning
916,Olivia Jimes,ojimespf@cbc.ca,Female,57,Tasikona
917,Rosemary McKibbin,rmckibbinpg@oaic.gov.au,Polygender,96,Cergy-Pontoise
918,Wilhelmina De Lisle,wdeph@home.pl,Bigender,66,Resende
919,Jaye Ziehms,jziehmspi@canalblog.com,Male,41,Trà My
920,Ania Beecker,abeeckerpj@taobao.com,Female,56,White Rock
921,Ninnetta Marlen,nmarlenpk@lycos.com,Female,57,Zator
922,Aleksandr Bartlomiejczyk,abartlomiejczykpl@i2i.jp,Male,96,La Tola
923,David Ayer,dayerpm@yolasite.com,Male,68,Lāmerd
924,Vivi Barczynski,vbarczynskipn@buzzfeed.com,Polygender,70,Wates
925,Rosette Woliter,rwoliterpo@t.co,Female,48,Dinan
926,Raphael Bantick,rbantickpp@boston.com,Male,41,Mosina
927,Jeannine Hellard,jhellardpq@reuters.com,Female,97,Bolo
928,Emilio Aloshkin,ealoshkinpr@cnbc.com,Male,89,Teixoso
929,Meredith Matyasik,mmatyasikps@webs.com,Female,55,Shijiazhuang
930,Ingaberg Osanne,iosannept@com.com,Female,89,Palkino
931,Betsey Castella,bcastellapu@cam.ac.uk,Female,48,Weiyanggong
932,Petrina Hacket,phacketpv@t.co,Female,53,Burgeo
933,Phillis Dows,pdowspw@samsung.com,Female,76,Qigzhi
934,Veronike Clementi,vclementipx@slideshare.net,Female,90,Mainque
935,Shalna Kearford,skearfordpy@sphinn.com,Female,95,Rizal
936,Devina McKinty,dmckintypz@kickstarter.com,Bigender,99,Aipe
937,York Monan,ymonanq0@cmu.edu,Male,92,Mahābād
938,Yvon Deamer,ydeamerq1@livejournal.com,Male,41,Sukasari
939,Lyon Van Der Hoog,lvanq2@ebay.com,Male,90,Llaillay
940,Nicoli Hamlet,nhamletq3@zdnet.com,Female,62,Usukhchay
941,Nata Wickman,nwickmanq4@4shared.com,Female,50,Katsuura
942,Torie Salvador,tsalvadorq5@squarespace.com,Female,61,Mileb
943,Archambault Stewart,astewartq6@clickbank.net,Male,48,Mazyr
944,Josey Faraday,jfaradayq7@soup.io,Female,56,Jindong
945,Devland Piccop,dpiccopq8@cbc.ca,Genderqueer,77,Shekou
946,Orland Rawstron,orawstronq9@state.gov,Male,82,Pereira
947,Vernice Bernette,vbernetteqa@yolasite.com,Female,52,Zawichost
948,Evy Sired,esiredqb@spotify.com,Female,47,Yaojiagou
949,Giavani Rout,groutqc@amazon.com,Male,82,Antipolo
950,Xenos Melladew,xmelladewqd@constantcontact.com,Male,87,Phoenix
951,Jule Alastair,jalastairqe@microsoft.com,Male,72,Milwaukee
952,Randi Cristofor,rcristoforqf@4shared.com,Male,65,Iriga City
953,Cortie Le Brun,cleqg@163.com,Male,67,Cikadu
954,Gillie Rizzillo,grizzilloqh@columbia.edu,Female,82,Zbąszynek
955,Saundra Pods,spodsqi@usnews.com,Male,76,Watrous
956,Quintana Albertson,qalbertsonqj@i2i.jp,Female,69,Giyon
957,Chrystal Corbet,ccorbetqk@wisc.edu,Female,83,Azilal
958,Alanah Dahlen,adahlenql@phoca.cz,Female,60,Liangkou
959,Derby Jeanin,djeaninqm@com.com,Male,52,Adtugan
960,Donia Worsam,dworsamqn@mayoclinic.com,Female,66,Fonteleite
961,Allie Dulieu,adulieuqo@google.nl,Male,54,Monasterevin
962,Alanson Roughsedge,aroughsedgeqp@fc2.com,Male,48,Salimbao
963,Jayson Hadcock,jhadcockqq@skype.com,Male,51,Rabak
964,Carina Berthelmot,cberthelmotqr@4shared.com,Female,88,Plottier
965,Trudey Vargas,tvargasqs@jalbum.net,Female,71,Shufeng
966,Claudius Andrichuk,candrichukqt@jiathis.com,Non-binary,69,San Fernando
967,Debor Greyes,dgreyesqu@goo.gl,Female,54,Malešići
968,Cati Sheards,csheardsqv@vimeo.com,Agender,83,Benito Juarez
969,Lorry Whitely,lwhitelyqw@sina.com.cn,Female,78,Aldeia
970,Dynah Tatlowe,dtatloweqx@army.mil,Female,68,Kuching
971,Livvyy Weale,lwealeqy@reverbnation.com,Female,63,Marumori
972,Anallise Zanussii,azanussiiqz@goodreads.com,Female,55,Kíti
973,Teddy Lanston,tlanstonr0@163.com,Female,77,Sheli
974,Ryley St. Hill,rstr1@boston.com,Male,81,Kosmach
975,Danyette Cartmer,dcartmerr2@rakuten.co.jp,Female,58,Mariana
976,Robenia McDonough,rmcdonoughr3@constantcontact.com,Female,51,Birmingham
977,Solomon McCrillis,smccrillisr4@google.co.jp,Male,51,Wangpu
978,Karleen Hercock,khercockr5@naver.com,Female,79,Vĩnh Thuận
979,Krishnah Gobel,kgobelr6@163.com,Male,79,Daykitin
980,Hashim Sawnwy,hsawnwyr7@hatena.ne.jp,Male,57,Yelets
981,Emelen Butchers,ebutchersr8@sitemeter.com,Male,59,Sironko
982,Benedetto Mc Andrew,bmcr9@over-blog.com,Male,46,Sudogda
983,Erich Vischi,evischira@yandex.ru,Male,53,Svalyava
984,Jody Skeete,jskeeterb@usa.gov,Male,58,Binjiang
985,Vail Crother,vcrotherrc@sciencedirect.com,Male,56,Ropice
986,Natal Sidgwick,nsidgwickrd@paypal.com,Male,50,Ya’erya
987,Charyl Moran,cmoranre@phoca.cz,Female,41,Limoeiro do Ajuru
988,Roarke Capenor,rcapenorrf@yahoo.co.jp,Agender,88,Thị Trấn Trùng Khánh
989,Selig Kirkbride,skirkbriderg@comsenz.com,Male,45,Makui
990,Kate Grigoli,kgrigolirh@auda.org.au,Female,61,Shicong
991,Abbe Lafflina,alafflinari@gov.uk,Male,50,Abuja
992,Marilin Peachment,mpeachmentrj@t-online.de,Female,53,Mondim de Basto
993,Humfried Burrel,hburrelrk@webs.com,Male,81,Capim Grosso
994,Roseanna Jouhan,rjouhanrl@qq.com,Female,58,Barra do Piraí
995,Lorie McFetrich,lmcfetrichrm@admin.ch,Female,81,Colcabamba
996,Torin Moreno,tmorenorn@toplist.cz,Male,90,Guariba
997,Eddie Penticost,epenticostro@uol.com.br,Male,71,Xianhe
998,Codie Lamperd,clamperdrp@nymag.com,Male,62,Whittlesea
999,Dorelia Bruna,dbrunarq@jigsy.com,Female,65,Douane
1000,Kacie Vlasin,kvlasinrr@eventbrite.com,Female,73,Kasugai
